,TF,ID.1.x,col_names,Gm_Ortholog,RANK,DB,ID,CONSENSUS,TP,TP.,FP,FP.,ENR_RATIO,SCORE_THR,PVALUE,LOG_PVALUE,EVALUE,LOG_EVALUE,QVALUE,LOG_QVALUE,ID.1.y,TF_family,Outdegree,prop
1,bHLH122,At1g51140,Ortholog,Glyma.11G131200,1,db/JASPAR/JASPAR2022_CORE_plants_non-redundant_v2.meme,MA1739.1,WNDBCMACTTGCHH,372,41.15,55,6.08,6.66,7.1,4.17E-75,-171.26,2.74E-72,-164.78,1.84E-72,-165.17,At1g51140,bHLH,455,0.275257108
3,bHLH112,At1g61660,Ortholog,Glyma.07G188100,3,db/JASPAR/JASPAR2022_CORE_plants_non-redundant_v2.meme,MA0961.1,NCCACTTGN,406,44.91,76,8.41,5.29,7.7,8.64E-74,-168.24,5.67E-71,-161.75,1.69E-71,-162.96,At1g61660,bHLH,416,0.251663642
5,bHLH13,At1g01260,Ortholog,Glyma.03G258100,14,db/JASPAR/JASPAR2022_CORE_plants_non-redundant_v2.meme,MA0958.1,RCACGTGC,434,48.01,225,24.89,1.92,2,7.34E-25,-55.57,4.81E-22,-49.09,3.08E-23,-51.83,At1g01260,bHLH,17,0.010284332
6,bHLH49,At1g68920,Ortholog,Glyma.04G012500,21,db/JASPAR/JASPAR2022_CORE_plants_non-redundant_v2.meme,MA1740.1,NDCACGTGCN,239,26.44,91,10.07,2.61,6.2,5.40E-20,-44.36,3.55E-17,-37.88,1.51E-18,-41.03,At1g68920,bHLH,106,0.064125832
11,bHLH34,At3g23210,Ortholog,Glyma.10G007300,49,db/JASPAR/JASPAR2022_CORE_plants_non-redundant_v2.meme,MA0962.1,GCACGTGK,89,9.85,24,2.65,3.6,10,8.23E-11,-23.22,5.40E-08,-16.73,9.87E-10,-20.74,At3g23210,bHLH,174,0.105263158
13,MYB10,At3g12820,Ortholog,Glyma.08G168100,2,db/JASPAR/JASPAR2022_CORE_plants_non-redundant_v2.meme,MA1762.1,HYYCACCWAMCWHH,2006,53.28,865,22.97,2.32,0.1,8.33E-165,-377.81,5.47E-162,-371.32,2.25E-162,-372.21,At3g12820¬†,MYB,138,0.008886027
14,MYB60,At1g08810,Ortholog,Glyma.03G006600,4,db/JASPAR/JASPAR2022_CORE_plants_non-redundant_v2.meme,MA1774.1,HHWYYYCAACYACYTHHNH,1884,50.04,794,21.09,2.37,0.0022,4.45E-155,-355.41,2.92E-152,-348.92,6.00E-153,-350.5,At1g08810¬†,MYB,197,0.012685126
15,MYB74,At4g05100,Ortholog,Glyma.07G189300,5,db/JASPAR/JASPAR2022_CORE_plants_non-redundant_v2.meme,MA1777.1,NYYYACCTAMCWHH,1869,49.64,788,20.93,2.37,0.25,4.29E-153,-350.84,2.82E-150,-344.35,4.64E-151,-346.16,At4g05100,MYB,9,0.000579524
16,MYB61,At1g09540,Ortholog,Glyma.02G006800,10,db/JASPAR/JASPAR2022_CORE_plants_non-redundant_v2.meme,MA1775.1,NYYYACCWACCWH,1767,46.93,805,21.38,2.19,0.8,4.29E-123,-281.76,2.82E-120,-275.28,2.32E-121,-277.77,At1g09540,MYB,291,0.018737927
17,MYB41,At4g28110,Ortholog,Glyma.07G189300,11,db/JASPAR/JASPAR2022_CORE_plants_non-redundant_v2.meme,MA1771.1,DTDGTTYACCTAMYT,1505,39.97,643,17.08,2.34,2.3,1.35E-109,-250.69,8.83E-107,-244.2,6.61E-108,-246.79,At4g28110,MYB,389,0.025048294
18,MYB46,At5g12870,Ortholog,Glyma.11G133700,12,db/JASPAR/JASPAR2022_CORE_plants_non-redundant_v2.meme,MA1040.1,GKTAGGTR,2066,54.87,1123,29.83,1.84,3.1,1.52E-108,-248.26,9.96E-106,-241.78,6.83E-107,-244.46,At5g12870,MYB,74,0.004764971
19,MYB4,At4g38620,Ortholog,Glyma.11G107100,14,db/JASPAR/JASPAR2022_CORE_plants_non-redundant_v2.meme,MA1039.1,GGTWGGTR,2442,64.86,1537,40.82,1.59,3.5,5.79E-98,-223.9,3.80E-95,-217.41,2.23E-96,-220.24,At4g38620,MYB,215,0.013844173
20,MYB43,At5g16600,Ortholog,Glyma.02G244600,15,db/JASPAR/JASPAR2022_CORE_plants_non-redundant_v2.meme,MA1772.1,BYTYACCWAMCWT,1335,35.46,556,14.77,2.4,0.29,1.94E-97,-222.69,1.27E-94,-216.2,7.00E-96,-219.1,At5g16600,MYB,230,0.014810045
21,MYB63,At1g79180,Ortholog,Glyma.08G168100,20,db/JASPAR/JASPAR2022_CORE_plants_non-redundant_v2.meme,MA2024.1,YYCACCTACCACH,1789,47.52,990,26.29,1.81,1.8,4.07E-82,-187.41,2.67E-79,-180.92,1.10E-80,-184.11,At1g79180,MYB,173,0.01113973
22,MYB58,AT1G16490,Ortholog,Glyma.08G168100,23,db/JASPAR/JASPAR2022_CORE_plants_non-redundant_v2.meme,MA2042.1,HNHTCCACCAACCMCHH,1910,50.73,1139,30.25,1.68,1.7,6.04E-74,-168.59,3.96E-71,-162.11,1.42E-72,-165.44,AT1G16490,MYB,793,0.05106246
23,MYB83,AT3G08500,Ortholog,Glyma.11G133700,27,db/JASPAR/JASPAR2022_CORE_plants_non-redundant_v2.meme,MA1779.1,YCACCAACMNC,2374,63.05,1660,44.09,1.43,1.8,1.19E-61,-140.29,7.78E-59,-133.8,2.37E-60,-137.29,AT3G08500,MYB,674,0.043399871
24,MYB55,AT4G01680,Ortholog,Glyma.02G006800,29,db/JASPAR/JASPAR2022_CORE_plants_non-redundant_v2.meme,MA1041.1,ACCTACCG,2167,57.56,1471,39.07,1.47,0.77,1.95E-58,-132.88,1.28E-55,-126.39,3.64E-57,-129.96,AT4G01680,MYB,195,0.012556343
25,MYB62,AT1G68320,Ortholog,Glyma.05G234600,31,db/JASPAR/JASPAR2022_CORE_plants_non-redundant_v2.meme,MA1294.1,AHWAWAGTTAGGYAD,997,26.48,466,12.38,2.14,2.8,4.87E-55,-125.06,3.19E-52,-118.57,8.49E-54,-122.2,AT1G68320,MYB,397,0.025563426
26,MYB59,AT5G59780,Ortholog,Glyma.11G142900,41,db/JASPAR/JASPAR2022_CORE_plants_non-redundant_v2.meme,MA1042.1,RTTAGGTA,1355,35.99,863,22.92,1.57,4.4,6.86E-36,-80.97,4.50E-33,-74.48,9.03E-35,-78.39,AT5G59780,MYB,205,0.013200258
27,MYB3R1,AT4G32730,Ortholog,Glyma.04G080600,48,db/JASPAR/JASPAR2022_CORE_plants_non-redundant_v2.meme,MA1178.2,HWHTAACGGTCAH,636,16.89,322,8.55,1.97,5.4,5.07E-28,-62.85,3.33E-25,-56.36,5.71E-27,-60.43,AT4G32730,MYBR,202,0.286524823
28,MYB77,AT3G50060,Ortholog,Glyma.04G042300,50,db/JASPAR/JASPAR2022_CORE_plants_non-redundant_v2.meme,MA0575.1,NADYGACRGTTAS,645,17.13,341,9.06,1.89,2.1,9.65E-26,-57.6,6.33E-23,-51.11,1.04E-24,-55.22,AT3G50060,MYB,159,0.010238249
29,MYB44,AT5G67300,Ortholog,Glyma.04G042300,56,db/JASPAR/JASPAR2022_CORE_plants_non-redundant_v2.meme,MA2027.1,NHAACGGTCAHN,314,8.34,148,3.93,2.11,7.8,5.97E-16,-35.05,3.92E-13,-28.57,5.76E-15,-32.79,AT5G67300,MYB,9,0.000579524
30,MYB73,AT4G37260,Ortholog,Glyma.01G190100,57,db/JASPAR/JASPAR2022_CORE_plants_non-redundant_v2.meme,MA1394.2,NHAACGGTCAHN,332,8.82,169,4.49,1.96,7.6,2.12E-14,-31.48,1.39E-11,-25,2.01E-13,-29.24,AT4G37260,MYB,12,0.000772698
31,MYB3R5,AT5G02320,Ortholog,Glyma.03G082400,58,db/JASPAR/JASPAR2022_CORE_plants_non-redundant_v2.meme,MA1172.1,WAAWWDTDACCGTTR,182,4.83,69,1.83,2.61,9.1,1.31E-13,-29.66,8.61E-11,-23.18,1.22E-12,-27.43,AT5G02320,MYBR,261,0.370212766
32,MYB52,AT1G17950,Ortholog,Glyma.09G169300,59,db/JASPAR/JASPAR2022_CORE_plants_non-redundant_v2.meme,MA1171.1,HDWWACCGTTA,298,7.92,150,3.98,1.98,8.4,2.54E-13,-29,1.67E-10,-22.52,2.33E-12,-26.79,AT1G17950,MYB,208,0.013393432
33,MYB15,AT3G23250,Ortholog,Glyma.03G163100,65,db/JASPAR/JASPAR2022_CORE_plants_non-redundant_v2.meme,MA0574.1,CRACGGTAGGTGG,220,5.84,103,2.74,2.12,1.2,1.30E-11,-25.06,8.56E-09,-18.58,1.08E-10,-22.95,AT3G23250,MYB,220,0.01416613
34,MYB3R4,AT5G11510,Ortholog,Glyma.04G080600,68,db/JASPAR/JASPAR2022_CORE_plants_non-redundant_v2.meme,MA1180.1,WWWWWTRACCGTTRN,113,3,40,1.06,2.78,11,1.03E-09,-20.7,6.74E-07,-14.21,8.16E-09,-18.62,AT5G11510,MYBR,242,0.343262411
35,MYB70,AT2G23290,Ortholog,Glyma.01G190100,73,db/JASPAR/JASPAR2022_CORE_plants_non-redundant_v2.meme,MA1393.2,WTAACCGTTWN,190,5.05,98,2.6,1.93,9.6,1.78E-08,-17.85,1.17E-05,-11.36,1.31E-07,-15.84,AT2G23290,MYB,192,0.012363168
36,NAC071,At4g17980,Ortholog,Glyma.05G113000,3,db/JASPAR/JASPAR2022_CORE_plants_non-redundant_v2.meme,MA1789.1,CTTSWHYYTCAMGYA,1565,34.49,277,6.1,5.63,3.4,4.45E-268,-615.6,2.92E-265,-609.11,8.14E-266,-610.39,At4g17980,NAC,523,0.04290754
37,NAC073,At4g28500,Ortholog,Glyma.06G288500,5,db/JASPAR/JASPAR2022_CORE_plants_non-redundant_v2.meme,MA1790.1,CTTSWYBHWCAMGYT,1295,28.54,208,4.58,6.2,5.6,3.55E-226,-519.12,2.33E-223,-512.63,3.90E-224,-514.42,At4g28500¬†,NAC,355,0.029124621
38,NAC010,At1g28470,Ortholog,Glyma.07G201800,8,db/JASPAR/JASPAR2022_CORE_plants_non-redundant_v2.meme,MA2009.1,DTAACTTGTDNHACAAGTTACCWH,1099,24.22,169,3.72,6.47,0.13,9.52E-192,-439.84,6.24E-189,-433.36,6.53E-190,-435.62,At1g28470,NAC,165,0.013536795
39,NAC087,At5g18270,Ortholog,Glyma.02G070600,11,db/JASPAR/JASPAR2022_CORE_plants_non-redundant_v2.meme,MA1791.1,TTDCTTGTNNNACACGYWA,934,20.58,110,2.42,8.42,0.67,4.77E-182,-417.51,3.13E-179,-411.02,2.38E-180,-413.6,At5g18270,NAC,272,0.022315202
40,NAC028,At1g65910,Ortholog,Glyma.14G210000,12,db/JASPAR/JASPAR2022_CORE_plants_non-redundant_v2.meme,MA1427.2,NDCAAGTAATCWH,3160,69.63,1821,40.13,1.73,1,2.75E-178,-408.85,1.80E-175,-402.36,1.26E-176,-405.03,At1g65910,NAC,317,0.026007056
41,NAC020,At1g54330,Ortholog,Glyma.02G240500,16,db/JASPAR/JASPAR2022_CORE_plants_non-redundant_v2.meme,MA2006.1,DWGGTTGCKTGTDNMACAAGTAAH,721,15.89,78,1.72,9.14,2.4,2.19E-142,-326.19,1.43E-139,-319.7,7.49E-141,-322.65,At1g54330,NAC,56,0.004594306
42,NAC075,At4g29230,Ortholog,Glyma.01G005500,17,db/JASPAR/JASPAR2022_CORE_plants_non-redundant_v2.meme,MA2035.1,NDAGWAGCTTGTNNNACAAGCTWY,780,17.19,107,2.36,7.23,2.4,3.05E-139,-318.94,2.00E-136,-312.46,9.84E-138,-315.47,At4g29230,NAC,333,0.027319714
43,NAC050,At3g10480,Ortholog,Glyma.10G197500,18,db/JASPAR/JASPAR2022_CORE_plants_non-redundant_v2.meme,MA1663.2,NNNCAAGTAACHD,3022,66.59,1850,40.77,1.63,1.4,5.19E-136,-311.5,3.41E-133,-305.02,1.58E-134,-308.09,At3g10480,NAC,358,0.029370744
44,NAC078,At5g04410,Ortholog,Glyma.10G197600,20,db/JASPAR/JASPAR2022_CORE_plants_non-redundant_v2.meme,MA1677.1,NNCAAGAAAYND,2957,65.16,1845,40.66,1.6,0.5,2.94E-122,-279.84,1.93E-119,-273.35,8.07E-121,-276.52,At5g04410,NAC,13,0.001066535
45,NAC057,At3g17730,Ortholog,Glyma.09G167400,23,db/JASPAR/JASPAR2022_CORE_plants_non-redundant_v2.meme,MA2034.1,NDCAAGTAAHN,2303,50.75,1233,27.17,1.87,3.6,7.53E-119,-271.99,4.94E-116,-265.5,1.79E-117,-268.82,At3g17730,NAC,13,0.001066535
46,NAC053,At3g10500,Ortholog,Glyma.10G197600,24,db/JASPAR/JASPAR2022_CORE_plants_non-redundant_v2.meme,MA2049.1,NNCAAGAAAHND,2841,62.6,1743,38.41,1.63,0.0086,8.09E-119,-271.92,5.31E-116,-265.43,1.85E-117,-268.79,At3g10500¬†,NAC,16,0.001312659
47,NAC011,At1g32510,Ortholog,Glyma.05G113000,26,db/JASPAR/JASPAR2022_CORE_plants_non-redundant_v2.meme,MA1784.1,GTTGCTTSWNHHDCAAGYAAC,573,12.63,61,1.34,9.26,0.18,2.43E-112,-257,1.59E-109,-250.52,5.13E-111,-253.95,At1g32510,NAC,448,0.036754451
48,NAC037,At2g18060,Ortholog,Glyma.01G167900,28,db/JASPAR/JASPAR2022_CORE_plants_non-redundant_v2.meme,MA2047.1,HNCAAGCAANN,3549,78.21,2590,57.07,1.37,0.48,3.62E-104,-238.18,2.38E-101,-231.7,7.10E-103,-235.21,At2g18060,NAC,69,0.005660842
49,NAC096,At5g46590,Ortholog,Glyma.05G113000,29,db/JASPAR/JASPAR2022_CORE_plants_non-redundant_v2.meme,MA2037.1,NDCAAGTAAHH,3065,67.54,2067,45.55,1.48,1.2,4.19E-100,-228.83,2.75E-97,-222.34,7.92E-99,-225.89,At5g46590,NAC,34,0.0027894
50,NAC076,At4g36160,Ortholog,Glyma.02G050100,31,db/JASPAR/JASPAR2022_CORE_plants_non-redundant_v2.meme,MA2036.1,HNCAAGCAANNN,3499,77.1,2636,58.09,1.33,0.19,1.78E-84,-192.84,1.17E-81,-186.35,3.15E-83,-189.97,At4g36160,NAC,447,0.03667241
51,NAC045,At3g03200,Ortholog,Glyma.11G212400,33,db/JASPAR/JASPAR2022_CORE_plants_non-redundant_v2.meme,MA2048.1,NDGAAGCAACCWN,2835,62.47,1972,43.46,1.44,1.1,3.44E-74,-169.16,2.26E-71,-162.67,5.72E-73,-166.35,At3g03200,NAC,149,0.012224137
52,NAC019,At1g52890,Ortholog,Glyma.06G248900,34,db/JASPAR/JASPAR2022_CORE_plants_non-redundant_v2.meme,MA1786.1,NDYACGBMAB,4096,90.26,3466,76.38,1.18,0.31,2.99E-72,-164.69,1.96E-69,-158.21,4.82E-71,-161.91,At1g52890,NAC,256,0.021002543
53,NAC029,At1g69490,Ortholog,Glyma.01G051300,35,db/JASPAR/JASPAR2022_CORE_plants_non-redundant_v2.meme,MA1675.1,HAYACGCAACTDN,2090,46.06,1289,28.4,1.62,1.2,2.30E-68,-155.74,1.51E-65,-149.25,3.61E-67,-152.99,At1g69490,NAC,32,0.002625318
54,NAC062,At3g49530,Ortholog,Glyma.02G222300,36,db/JASPAR/JASPAR2022_CORE_plants_non-redundant_v2.meme,MA1676.2,NNRTTAAGTAAHHW,2150,47.38,1351,29.77,1.59,2.1,4.25E-67,-152.83,2.79E-64,-146.34,6.47E-66,-150.1,At3g49530,NAC,287,0.02354582
55,NAC055,At3g15500,Ortholog,Glyma.06G248900,40,db/JASPAR/JASPAR2022_CORE_plants_non-redundant_v2.meme,MA0937.1,ACACGTAA,1597,35.19,967,21.31,1.65,4.3,2.33E-49,-111.98,1.53E-46,-105.49,3.20E-48,-109.36,At3g15500,NAC,239,0.019607843
56,NAC047,At3g04070,Ortholog,Glyma.02G070000,41,db/JASPAR/JASPAR2022_CORE_plants_non-redundant_v2.meme,MA1787.1,THNHACACGTMWCTT,598,13.18,216,4.76,2.76,7.9,2.28E-46,-105.1,1.49E-43,-98.61,3.05E-45,-102.5,At3g04070,NAC,393,0.032242186
57,NAC002,At1g01720,Ortholog,Glyma.04G249000,43,db/JASPAR/JASPAR2022_CORE_plants_non-redundant_v2.meme,MA2015.1,NWYACGCAACTNN,846,18.64,398,8.77,2.12,5.6,1.78E-43,-98.43,1.17E-40,-91.95,2.27E-42,-95.89,At1g01720,NAC,23,0.001886947
58,NAC083,At5g13180,Ortholog,Glyma.02G109800,47,db/JASPAR/JASPAR2022_CORE_plants_non-redundant_v2.meme,MA1043.1,WYACGYAACN,512,11.28,208,4.58,2.45,7.2,3.72E-33,-74.67,2.44E-30,-68.19,4.34E-32,-72.21,At5g13180,NAC,249,0.020428255
59,NAC046,At3g04060,Ortholog,Glyma.02G070600,49,db/JASPAR/JASPAR2022_CORE_plants_non-redundant_v2.meme,MA0936.1,ACACGCMA,253,5.58,98,2.16,2.57,9,7.91E-18,-39.38,5.19E-15,-32.89,8.86E-17,-36.96,At3g04060,NAC,127,0.01041923
60,NAC043,At2g46770,Ortholog,Glyma.07G050600,77,db/JASPAR/JASPAR2022_CORE_plants_non-redundant_v2.meme,MA1045.1,ATWACGTAAN,85,1.87,38,0.84,2.21,11,1.20E-05,-11.33,7.88E-03,-4.84,8.56E-05,-9.37,At2g46770,NAC,131,0.010747395
61,RAV2,At1g68840,Ortholog,Glyma.01G087500,1,db/JASPAR/JASPAR2022_CORE_plants_non-redundant_v2.meme,MA1797.1,GCAACATA,1005,79.07,693,54.52,1.45,0.61,3.64E-40,-90.81,2.39E-37,-84.32,1.40E-37,-84.86,At1g68840,RAV,413,0.257481297
62,RAV1,At1g13260,Ortholog,Glyma.01G087500,3,db/JASPAR/JASPAR2022_CORE_plants_non-redundant_v2.meme,MA0582.1,VNGCAACAKAWD,488,38.39,225,17.7,2.16,8.6,8.97E-32,-71.49,5.89E-29,-65,1.15E-29,-66.64,At1g13260,RAV,1191,0.742518703
63,ERF8,At1g53170,Ortholog,Glyma.02G267400,1,db/JASPAR/JASPAR2022_CORE_plants_non-redundant_v2.meme,MA0994.2,NDRTGRCGGCGGCGRHGR,1550,54.79,631,22.3,2.45,3.2,2.32E-142,-326.13,1.52E-139,-319.64,1.25E-139,-319.84,At1g53170,ERF,2077,0.062886036
64,ERF003,At5g25190,Ortholog,Glyma.04G062900,2,db/JASPAR/JASPAR2022_CORE_plants_non-redundant_v2.meme,MA1236.1,HGGHGGHGGCGGCGGMGGW,1771,62.6,856,30.26,2.07,0.37,8.00E-134,-306.47,5.25E-131,-299.98,2.15E-131,-300.87,At5g25190,ERF,2245,0.067972629
65,ERF5,At5g47230,Ortholog,Glyma.01G206700,6,db/JASPAR/JASPAR2022_CORE_plants_non-redundant_v2.meme,MA1225.1,CCDCCGCCGCCGCCR,1803,63.73,981,34.68,1.84,1,1.79E-107,-245.79,1.17E-104,-239.31,1.61E-105,-241.3,At5g47230,ERF,200,0.006055468
66,ERF9,At5g44210,Ortholog,Glyma.02G267400,11,db/JASPAR/JASPAR2022_CORE_plants_non-redundant_v2.meme,MA1257.1,YGGCGGHKRYGGCGGCGGMGR,1199,42.38,470,16.61,2.55,2.7,8.59E-103,-235.02,5.63E-100,-228.53,4.20E-101,-231.13,At5g44210,ERF,2103,0.063673247
67,ERF4,At3g15210,Ortholog,Glyma.03G159800,16,db/JASPAR/JASPAR2022_CORE_plants_non-redundant_v2.meme,MA0992.2,DCCGCCGYCAHH,1954,69.07,1192,42.14,1.64,1.6,1.15E-93,-214,7.57E-91,-207.51,3.88E-92,-210.48,At3g15210,ERF,940,0.0284607
68,ERF105,At5g51190,Ortholog,Glyma.01G206700,18,db/JASPAR/JASPAR2022_CORE_plants_non-redundant_v2.meme,MA1000.2,RHRRYGGCGGCGGHG,1423,50.3,699,24.71,2.03,0.14,2.49E-89,-204.02,1.63E-86,-197.53,7.44E-88,-200.62,At5g51190,ERF,479,0.014502846
69,ERF104,At5g61600,Ortholog,Glyma.10G194200,19,db/JASPAR/JASPAR2022_CORE_plants_non-redundant_v2.meme,MA1239.1,CDCCDCCDCCGCCGCCRYH,1506,53.23,773,27.32,1.95,0.11,4.20E-89,-203.5,2.75E-86,-197.01,1.19E-87,-200.15,At5g61600,ERF,2240,0.067821243
70,ERF057,At5g65130,Ortholog,Glyma.04G103900,21,db/JASPAR/JASPAR2022_CORE_plants_non-redundant_v2.meme,MA1753.1,CCDCCDCCRCCGCCA,1709,60.41,967,34.18,1.77,1.3,5.70E-88,-200.89,3.74E-85,-194.4,1.46E-86,-197.64,At5g65130,ERF,215,0.006509628
71,ERF15,At2g31230,Ortholog,Glyma.10G036700,27,db/JASPAR/JASPAR2022_CORE_plants_non-redundant_v2.meme,MA1231.2,YHTYMGCCGCCDYN,1973,69.74,1269,44.86,1.55,0.36,7.75E-81,-184.46,5.08E-78,-177.98,1.54E-79,-181.47,At2g31230,ERF,718,0.02173913
72,ERF017,At1g19210,Ortholog,Glyma.09G072000,30,db/JASPAR/JASPAR2022_CORE_plants_non-redundant_v2.meme,MA1234.1,DTGGWCGGTGRHGR,1624,57.41,951,33.62,1.71,1.3,5.70E-73,-166.35,3.74E-70,-159.86,1.02E-71,-163.46,At1g19210,ERF,175,0.005298535
73,ERF11,At1g28370,Ortholog,Glyma.02G267400,33,db/JASPAR/JASPAR2022_CORE_plants_non-redundant_v2.meme,MA1001.3,CCGCCGCCRCCD,2027,71.65,1375,48.6,1.47,1.3,5.70E-71,-161.74,3.74E-68,-155.26,9.29E-70,-158.95,At1g28370,ERF,1697,0.051380647
74,ERF038,At2g35700,Ortholog,Glyma.05G062100,34,db/JASPAR/JASPAR2022_CORE_plants_non-redundant_v2.meme,MA1238.2,DYCACCGACAHHD,1543,54.54,897,31.71,1.72,1.6,4.26E-68,-155.13,2.79E-65,-148.64,6.74E-67,-152.36,At2g35700,ERF,481,0.014563401
75,ERF010,At5g67190,Ortholog,Glyma.01G188600,35,db/JASPAR/JASPAR2022_CORE_plants_non-redundant_v2.meme,MA2011.1,DYCACCGACAHH,1851,65.43,1208,42.7,1.53,1.2,1.24E-66,-151.75,8.14E-64,-145.27,1.91E-65,-149.02,At5g67190,ERF,69,0.002089136
76,ERF055,At1g36060,Ortholog,Glyma.04G103900,36,db/JASPAR/JASPAR2022_CORE_plants_non-redundant_v2.meme,MA1263.1,DTKGKCGGTGGHGR,1628,57.55,986,34.85,1.65,0.25,2.25E-66,-151.16,1.48E-63,-144.67,3.37E-65,-148.45,At1g36060,ERF,163,0.004935206
77,ERF10,At1g03800,Ortholog,Glyma.02G267400,43,db/JASPAR/JASPAR2022_CORE_plants_non-redundant_v2.meme,MA1240.1,NCCDCCNYCDCCGCCGCCRYH,933,32.98,414,14.63,2.25,3.7,2.83E-60,-137.12,1.86E-57,-130.63,3.54E-59,-134.59,At1g03800,ERF,1872,0.056679181
78,ERF008,At2g23340,Ortholog,Glyma.01G188600,47,db/JASPAR/JASPAR2022_CORE_plants_non-redundant_v2.meme,MA0979.1,CRCCGMCS,2514,88.87,2050,72.46,1.23,3.3,1.86E-56,-128.33,1.22E-53,-121.84,2.13E-55,-125.89,At2g23340,ERF,455,0.01377619
79,ERF034,At2g44940,Ortholog,Glyma.05G062100,50,db/JASPAR/JASPAR2022_CORE_plants_non-redundant_v2.meme,MA1229.1,HDKTGTCGGTGRHDD,1006,35.56,491,17.36,2.05,1.7,2.97E-55,-125.55,1.95E-52,-119.07,3.20E-54,-123.18,At2g44940,ERF,64,0.00193775
80,ERF037,At1g77200,Ortholog,Glyma.01G147600,53,db/JASPAR/JASPAR2022_CORE_plants_non-redundant_v2.meme,MA1230.1,YCACCGACAMWDNH,881,31.14,412,14.56,2.14,0.0073,7.58E-51,-115.41,4.98E-48,-108.92,7.70E-50,-113.09,At1g77200,ERF,65,0.001968027
81,ERF039,At4g16750,Ortholog,Glyma.05G062100,55,db/JASPAR/JASPAR2022_CORE_plants_non-redundant_v2.meme,MA0995.2,YCRCCGACAHN,2168,76.63,1650,58.32,1.31,0.41,1.63E-49,-112.34,1.07E-46,-105.85,1.59E-48,-110.06,At4g16750,ERF,146,0.004420492
82,ERF1B,At3g23240,Ortholog,Glyma.10G186800,56,db/JASPAR/JASPAR2022_CORE_plants_non-redundant_v2.meme,MA0567.1,MGCCGCCA,2307,81.55,1831,64.72,1.26,0.35,6.31E-47,-106.38,4.14E-44,-99.89,6.07E-46,-104.12,At3g23240,ERFB,67,1
83,ERF054,At4g28140,Ortholog,Glyma.06G295300,66,db/JASPAR/JASPAR2022_CORE_plants_non-redundant_v2.meme,MA1232.1,GDCGGYGGHGRHGRHGGNGR,658,23.26,302,10.68,2.17,6.3,2.98E-37,-84.1,1.95E-34,-77.62,2.43E-36,-82.01,At4g28140,ERF,689,0.020861088
84,ERF011,At3g50260,Ortholog,Glyma.01G188600,68,db/JASPAR/JASPAR2022_CORE_plants_non-redundant_v2.meme,MA1219.2,HDYCACCGACMANN,1703,60.2,1239,43.8,1.37,0.034,2.49E-35,-79.68,1.63E-32,-73.19,1.97E-34,-77.61,At3g50260,ERF,241,0.007296839
85,ERF7,At3g20310,Ortholog,Glyma.02G267400,69,db/JASPAR/JASPAR2022_CORE_plants_non-redundant_v2.meme,MA0993.1,MGCCGYCRNN,2177,76.95,1754,62,1.24,3.6,1.09E-34,-78.2,7.13E-32,-71.72,8.48E-34,-76.15,At3g20310,ERF,971,0.029399298
86,ERF096,At5g43410,Ortholog,Glyma.10G118900,72,db/JASPAR/JASPAR2022_CORE_plants_non-redundant_v2.meme,MA0998.1,NMGCCGCCDN,1830,64.69,1381,48.82,1.32,4,9.76E-34,-76.01,6.40E-31,-69.52,7.30E-33,-74,At5g43410,ERF,754,0.022829115
87,ERF094,At1g06160,Ortholog,Glyma.10G036700,82,db/JASPAR/JASPAR2022_CORE_plants_non-redundant_v2.meme,MA1049.1,MGCCGCCR,984,34.78,674,23.82,1.46,3.9,7.47E-20,-44.04,4.90E-17,-37.55,4.90E-19,-42.16,At1g06160,ERF,18,0.000544992
88,ERF035,At3g60490,Ortholog,Glyma.07G017300,93,db/JASPAR/JASPAR2022_CORE_plants_non-redundant_v2.meme,MA1223.1,DDWWKTGTCGGTGG,197,6.96,79,2.79,2.48,5.7,1.16E-13,-29.79,7.60E-11,-23.3,6.71E-13,-28.03,At3g60490,ERF,10,0.000302773
89,ERF018,At1g74930,Ortholog,Glyma.09G072000,107,db/JASPAR/JASPAR2022_CORE_plants_non-redundant_v2.meme,MA1048.1,RCCGACCA,752,26.58,636,22.48,1.18,2.7,1.89E-04,-8.57,1.24E-01,-2.09,9.52E-04,-6.96,At1g74930,ERF,193,0.005843527
91,WRKY65,AT1G29280,Ortholog,Glyma.05G160800,3,db/JASPAR/JASPAR2022_CORE_plants_non-redundant_v2.meme,MA1302.1,AAAAGTCAACG,2799,54.51,1049,20.43,2.67,5.6,1.50E-286,-658.13,9.83E-284,-651.65,1.27E-284,-653.7,AT1G29280,WRKY,5,0.000433727
118,WRKY75,AT5G13080,X,Glyma.19G094100,2,db/JASPAR/JASPAR2022_CORE_plants_non-redundant_v2.meme,MA1093.1,HRGTCAAC,3389,66,1538,29.95,2.2,7.6,2.63E-299,-687.51,1.73E-296,-681.02,3.34E-297,-682.66,AT5G13080,WRKY,77,0.006679389
120,WRKY57,AT1G69310,X,Glyma.02G115200,5,db/JASPAR/JASPAR2022_CORE_plants_non-redundant_v2.meme,MA1089.1,DWRGTCAAMN,2817,54.86,1101,21.44,2.56,8.3,3.89E-273,-627.25,2.55E-270,-620.76,1.98E-271,-623.32,AT1G69310,WRKY,17,0.00147467
123,WRKY18,AT4G31800,X,Glyma.06G061900,11,db/JASPAR/JASPAR2022_CORE_plants_non-redundant_v2.meme,MA1077.1,NHRGTCAAVV,3306,64.38,1609,31.33,2.05,7.4,4.69E-251,-576.4,3.08E-248,-569.92,1.08E-249,-573.26,AT4G31800,WRKY,113,0.009802221
128,WRKY70, AT3G56400,X,Glyma.06G142000,18,db/JASPAR/JASPAR2022_CORE_plants_non-redundant_v2.meme,MA1308.1,DNCGTTGACTTTT,2629,51.2,1026,19.98,2.56,1.7,1.65E-245,-563.63,1.09E-242,-557.14,2.34E-244,-560.98, AT3G56400,WRKY,53,0.004597502
135,WRKY15,AT2G23320,X,Glyma.17G168900,27,db/JASPAR/JASPAR2022_CORE_plants_non-redundant_v2.meme,MA1076.2,DHHWWRGTCAACGNHD,2294,44.67,893,17.39,2.57,7.4,2.68E-201,-461.83,1.76E-198,-455.35,2.52E-200,-459.59,AT2G23320,WRKY,106,0.009195003
136,WRKY60,AT2G25000,X,Glyma.06G061900,28,db/JASPAR/JASPAR2022_CORE_plants_non-redundant_v2.meme,MA1090.1,NYGGTCAACSN,2986,58.15,1482,28.86,2.01,6,4.43E-200,-459.03,2.91E-197,-452.54,4.02E-199,-456.82,AT2G25000,WRKY,171,0.014833449
137,WRKY26,AT5G07100,X,Glyma.18G056600,29,db/JASPAR/JASPAR2022_CORE_plants_non-redundant_v2.meme,MA1297.1,AAAAGTCAACGNY,1757,34.22,521,10.15,3.37,7.6,1.03E-197,-453.58,6.77E-195,-447.09,9.04E-197,-451.41,AT5G07100,WRKY,34,0.002949341
138,WRKY7,AT4G24240,X,Glyma.17G168900,30,db/JASPAR/JASPAR2022_CORE_plants_non-redundant_v2.meme,MA1313.1,DNCGTTGACTTTTT,2377,46.29,998,19.44,2.38,1.3,1.30E-188,-432.62,8.53E-186,-426.14,1.10E-187,-430.49,AT4G24240,WRKY,122,0.010582929
142,WRKY25,AT2G30250,X,Glyma.18G056600,34,db/JASPAR/JASPAR2022_CORE_plants_non-redundant_v2.meme,MA1081.2,DNNWWRGTCAACGNHN,2619,51,1261,24.56,2.08,6.4,6.83E-171,-391.82,4.48E-168,-385.34,5.10E-170,-389.81,AT2G30250,WRKY,204,0.017696044
144,WRKY45,AT3G01970,X,Glyma.19G094100,38,db/JASPAR/JASPAR2022_CORE_plants_non-redundant_v2.meme,MA1087.2,NHAAAAGTCAAMRNH,3084,60.06,1764,34.35,1.75,4.8,7.71E-152,-347.95,5.06E-149,-341.46,5.15E-151,-346.05,AT3G01970,WRKY,395,0.0342644
148,WRKY2,AT5G56270,X,Glyma.18G242000,42,db/JASPAR/JASPAR2022_CORE_plants_non-redundant_v2.meme,MA1078.1,BGGTCAAM,3541,68.96,2276,44.32,1.56,6.3,1.22E-141,-324.46,8.02E-139,-317.98,7.40E-141,-322.66,AT5G56270,WRKY,113,0.009802221
150,WRKY1,AT2G04880,X,Glyma.14G006800,45,db/JASPAR/JASPAR2022_CORE_plants_non-redundant_v2.meme,MA0589.1,TTGACCGAGYY,2947,57.39,2022,39.38,1.46,1.3,4.54E-75,-171.18,2.98E-72,-164.69,2.56E-74,-169.45,AT2G04880,WRKY,331,0.0287127
154,WRKY53,AT4G23810,X.1,Glyma.08G021900,9,db/JASPAR/JASPAR2022_CORE_plants_non-redundant_v2.meme,MA1805.1,RGTCAACGN,2692,52.42,1025,19.96,2.62,8.3,1.02E-263,-605.56,6.68E-261,-599.08,2.88E-262,-602.22,AT4G23810,WRKY,104,0.009021513
156,WRKY12, AT2G44745,X.1,Glyma.09G244000,12,db/JASPAR/JASPAR2022_CORE_plants_non-redundant_v2.meme,MA1075.1,CGTTGACC,3356,65.36,1658,32.29,2.02,6.6,5.29E-251,-576.28,3.47E-248,-569.8,1.12E-249,-573.23, AT2G44745,WRKY,80,0.006939625
157,WRKY71,AT1G29860,X.1,Glyma.08G082400,13,db/JASPAR/JASPAR2022_CORE_plants_non-redundant_v2.meme,MA1316.1,AAAAGTCAACG,2941,57.27,1275,24.83,2.31,4.5,3.97E-250,-574.27,2.61E-247,-567.78,7.76E-249,-571.29,AT1G29860,WRKY,33,0.002862595
158,WRKY62,AT5G01900,X.1,Glyma.08G082400,17,db/JASPAR/JASPAR2022_CORE_plants_non-redundant_v2.meme,MA1091.1,TGGTCAAC,2545,49.56,958,18.66,2.65,5.1,7.30E-246,-564.45,4.79E-243,-557.96,1.09E-244,-561.74,AT5G01900,WRKY,164,0.014226232
160,WRKY28,AT4G18170,X.1,Glyma.08G082400,20,db/JASPAR/JASPAR2022_CORE_plants_non-redundant_v2.meme,MA1311.2,WWRGTCAACDH,2193,42.71,743,14.47,2.95,8.4,1.67E-227,-522.17,1.10E-224,-515.69,2.13E-226,-519.63,AT4G18170,WRKY,118,0.010235947
161,WRKY22,AT4G01250,X.1,Glyma.18G238200,22,db/JASPAR/JASPAR2022_CORE_plants_non-redundant_v2.meme,MA1303.1,AAAAGTCAACKNH,2973,57.9,1385,26.97,2.15,2.3,1.05E-224,-515.73,6.92E-222,-509.24,1.22E-223,-513.28,AT4G01250,WRKY,18,0.001561416
162,WRKY11,AT4G31550,X.1,Glyma.14G135400,23,db/JASPAR/JASPAR2022_CORE_plants_non-redundant_v2.meme,MA1306.1,DNCGTTGACTTTTD,2937,57.2,1367,26.62,2.15,3,2.13E-220,-505.81,1.40E-217,-499.32,2.36E-219,-503.41,AT4G31550,WRKY,48,0.004163775
164,WRKY8,AT5G46350,X.1,Glyma.08G082400,31,db/JASPAR/JASPAR2022_CORE_plants_non-redundant_v2.meme,MA1094.2,NWAAAAGTCAACGNHW,2177,42.4,855,16.65,2.54,5.9,1.70E-184,-423.14,1.12E-181,-416.66,1.39E-183,-421.04,AT5G46350,WRKY,527,0.045714781
167,WRKY21,AT2G30590,X.1,Glyma.10G032900,39,db/JASPAR/JASPAR2022_CORE_plants_non-redundant_v2.meme,MA1079.2,NDHAAAAGTCAACGNHDWNN,1805,35.15,686,13.36,2.63,6.5,1.69E-150,-344.86,1.11E-147,-338.37,1.10E-149,-342.99,AT2G30590,WRKY,1833,0.159004164
170,WRKY23,AT2G47260,X.2,Glyma.19G217800,4,db/JASPAR/JASPAR2022_CORE_plants_non-redundant_v2.meme,MA1080.1,AGTCAACG,3229,62.88,1438,28,2.24,3.6,5.02E-282,-647.72,3.29E-279,-641.23,3.19E-280,-643.56,AT2G47260,WRKY,141,0.01223109
174,WRKY3,AT2G03340,X.2,Glyma.20G028000,19,db/JASPAR/JASPAR2022_CORE_plants_non-redundant_v2.meme,MA1309.1,AAAAGTCAACG,3547,69.07,1885,36.71,1.88,0.73,4.19E-241,-553.49,2.75E-238,-547,5.61E-240,-550.9,AT2G03340,WRKY,2,0.000173491
175,WRKY30,AT5G24110,X.2,Glyma.16G026400,24,db/JASPAR/JASPAR2022_CORE_plants_non-redundant_v2.meme,MA1083.2,WARGTCAACGHHNN,2916,56.79,1349,26.27,2.16,5.3,3.66E-220,-505.27,2.40E-217,-498.79,3.87E-219,-502.91,AT5G24110,WRKY,605,0.052480916
176,WRKY59,AT2G21900,X.2,Glyma.08G142400,26,db/JASPAR/JASPAR2022_CORE_plants_non-redundant_v2.meme,MA1304.1,HAAAAGTCAAMN,3272,63.72,1743,33.94,1.88,5.6,3.27E-203,-466.24,2.15E-200,-459.75,3.20E-202,-463.96,AT2G21900,WRKY,270,0.023421235
178,WRKY6,AT1G62300,X.2,Glyma.17G011400,33,db/JASPAR/JASPAR2022_CORE_plants_non-redundant_v2.meme,MA1300.1,CGTTGACTWWDDYWDWNHH,3006,58.54,1606,31.28,1.87,0.55,4.35E-172,-394.58,2.85E-169,-388.09,3.35E-171,-392.53,AT1G62300,WRKY,1123,0.09741499
179,WRKY31,AT4G22070,X.2,Glyma.17G011400,35,db/JASPAR/JASPAR2022_CORE_plants_non-redundant_v2.meme,MA1307.2,HNHWRGTCAACGHHDDWN,2476,48.22,1188,23.14,2.08,5.7,1.23E-157,-361.3,8.07E-155,-354.81,8.93E-157,-359.32,AT4G22070,WRKY,738,0.064018043
180,WRKY42,AT4G04450,X.2,Glyma.17G011400,40,db/JASPAR/JASPAR2022_CORE_plants_non-redundant_v2.meme,MA1310.1,BWTDMHHHNNCGTTGACTWWD,1627,31.68,580,11.3,2.8,6.6,3.61E-144,-330.29,2.37E-141,-323.8,2.29E-143,-328.44,AT4G04450,WRKY,1190,0.103226926
181,WRKY47,AT4G01720,X.2,Glyma.19G221700,41,db/JASPAR/JASPAR2022_CORE_plants_non-redundant_v2.meme,MA1312.1,MYYKNCGTTGACYW,1787,34.8,700,13.63,2.55,6.7,4.58E-142,-325.44,3.01E-139,-318.96,2.84E-141,-323.62,AT4G01720,WRKY,625,0.054215822
182,WRKY17,AT2G24570,X.2,Glyma.17G197500,43,db/JASPAR/JASPAR2022_CORE_plants_non-redundant_v2.meme,MA1299.1,AAAAAGTCAACGNH,1178,22.94,308,6,3.82,9.3,6.49E-139,-318.19,4.26E-136,-311.7,3.83E-138,-316.41,AT2G24570,WRKY,240,0.020818876
184,WRKY40,AT1G80840,X.3,Glyma.15G003300,32,db/JASPAR/JASPAR2022_CORE_plants_non-redundant_v2.meme,MA1085.2,HWAGTCAANN,2406,46.85,1053,20.51,2.28,9.8,4.13E-179,-410.74,2.71E-176,-404.26,3.28E-178,-408.67,AT1G80840,WRKY,316,0.02741152
187,WRKY33,AT2G38470,X.4,Glyma.18G208800,10,db/JASPAR/JASPAR2022_CORE_plants_non-redundant_v2.meme,MA1301.1,AAAAGTCAACG,3297,64.21,1590,30.96,2.07,0.16,3.42E-254,-583.63,2.24E-251,-577.14,8.68E-253,-580.39,AT2G38470,WRKY,4,0.000346981
189,WRKY29,AT4G23550,X.5,Glyma.15G135600,7,db/JASPAR/JASPAR2022_CORE_plants_non-redundant_v2.meme,MA1298.1,AAAAGTCAACK,2799,54.51,1106,21.54,2.53,6.3,4.13E-266,-611.07,2.71E-263,-604.58,1.50E-264,-607.48,AT4G23550,WRKY,14,0.001214434
190,WRKY14,AT1G30650,X.5,Glyma.15G135600,8,db/JASPAR/JASPAR2022_CORE_plants_non-redundant_v2.meme,MA1314.1,AAAAGTCAACGNH,2589,50.42,940,18.31,2.75,4.9,7.84E-265,-608.13,5.15E-262,-601.64,2.49E-263,-604.67,AT1G30650,WRKY,1,8.67E-05
191,WRKY20,AT4G26640,X.5,Glyma.18G081200,15,db/JASPAR/JASPAR2022_CORE_plants_non-redundant_v2.meme,MA1295.1,DNCGTTGACYWDD,2509,48.86,924,17.99,2.71,7,6.07E-248,-569.24,3.98E-245,-562.75,1.03E-246,-566.41,AT4G26640,WRKY,140,0.012144344
